Material Name,Isotope,Atom Density,Density
uo2,U234,6.1186400E-06,10.257
uo2,U235,7.1813200E-04,
uo2,U236,3.2986100E-06,
uo2,U238,2.2154600E-02,
uo2,O16,4.5764200E-02,
