Material Name,Isotope,Atom Density,Density
uo2,U234,7.2120300E-06,10.257
uo2,U235,8.3395200E-04,
uo2,U236,3.8291300E-06,
uo2,U238,2.2038400E-02,
uo2,O16,4.5766900E-02,
