Material Name,Isotope,Atom Density,Density
AIC_mat,Ag107,2.3615900E-02,10.2
AIC_mat,Ag109,2.1940300E-02,
AIC_mat,Cd106,3.4152300E-05,
AIC_mat,Cd108,2.4316500E-05,
AIC_mat,Cd110,3.4125000E-04,
AIC_mat,Cd111,3.4972000E-04,
AIC_mat,Cd112,6.5927600E-04,
AIC_mat,Cd113,3.3387300E-04,
AIC_mat,Cd114,7.8495700E-04,
AIC_mat,Cd116,2.0464100E-04,
AIC_mat,In113,3.4426200E-04,
AIC_mat,In115,7.6805000E-03,
